{"cameraMode":{"drawMode":0,"name":"Shaded","section":"Shading Mode"},"sceneLighting":true,"audioPlay":false,"sceneViewState":{"m_AlwaysRefresh":false,"showFog":true,"showSkybox":true,"showFlares":true,"showImageEffects":true,"showParticleSystems":true,"showVisualEffectGraphs":true,"m_FxEnabled":true},"in2DMode":false,"pivot":{"x":7.730942726135254,"y":2.390000104904175,"z":2.1978588104248049},"rotation":{"x":0.01613304391503334,"y":-0.6759700775146484,"z":0.014805009588599205,"w":0.7366040349006653},"size":2.0315093994140627,"orthographic":false}