{"cameraMode":{"drawMode":0,"name":"Shaded","section":"Shading Mode"},"sceneLighting":true,"audioPlay":false,"sceneViewState":{"m_AlwaysRefresh":false,"showFog":true,"showSkybox":true,"showFlares":true,"showImageEffects":true,"showParticleSystems":true,"showVisualEffectGraphs":true,"m_FxEnabled":true},"in2DMode":false,"pivot":{"x":11.664222717285157,"y":-5.110583782196045,"z":16.230541229248048},"rotation":{"x":0.3981300890445709,"y":0.01072925329208374,"z":-0.004652997013181448,"w":0.9172713160514832},"size":19.47954750061035,"orthographic":false}