{"cameraMode":{"drawMode":0,"name":"Shaded","section":"Shading Mode"},"sceneLighting":true,"audioPlay":false,"sceneViewState":{"m_AlwaysRefresh":false,"showFog":true,"showSkybox":true,"showFlares":true,"showImageEffects":true,"showParticleSystems":true,"showVisualEffectGraphs":true,"m_FxEnabled":true},"in2DMode":false,"pivot":{"x":-28.030590057373048,"y":-18.484664916992189,"z":29.702054977416993},"rotation":{"x":-0.23602092266082765,"y":0.3673567473888397,"z":-0.09693947434425354,"w":-0.8944233059883118},"size":31.896770477294923,"orthographic":false}