{"cameraMode":{"drawMode":0,"name":"Shaded","section":"Shading Mode"},"sceneLighting":true,"audioPlay":false,"sceneViewState":{"m_AlwaysRefresh":false,"showFog":true,"showSkybox":true,"showFlares":true,"showImageEffects":true,"showParticleSystems":true,"showVisualEffectGraphs":true,"m_FxEnabled":true},"in2DMode":false,"pivot":{"x":11.627273559570313,"y":0.6999354362487793,"z":11.000504493713379},"rotation":{"x":0.21651685237884522,"y":-0.4591720700263977,"z":0.11646301299333573,"w":0.8536504507064819},"size":13.233602523803711,"orthographic":false}