{"cameraMode":{"drawMode":0,"name":"Shaded","section":"Shading Mode"},"sceneLighting":true,"audioPlay":false,"sceneViewState":{"m_AlwaysRefresh":false,"showFog":true,"showSkybox":true,"showFlares":true,"showImageEffects":true,"showParticleSystems":true,"showVisualEffectGraphs":true,"m_FxEnabled":true},"in2DMode":false,"pivot":{"x":-0.7258418202400208,"y":-35.32522964477539,"z":30.214885711669923},"rotation":{"x":-0.47950029373168948,"y":0.051030632108449939,"z":-0.02794528752565384,"w":-0.8756369948387146},"size":31.022241592407228,"orthographic":false}