{"cameraMode":{"drawMode":0,"name":"Shaded","section":"Shading Mode"},"sceneLighting":true,"audioPlay":false,"sceneViewState":{"m_AlwaysRefresh":false,"showFog":true,"showSkybox":true,"showFlares":true,"showImageEffects":true,"showParticleSystems":true,"showVisualEffectGraphs":true,"m_FxEnabled":true},"in2DMode":false,"pivot":{"x":16.472673416137697,"y":-15.520835876464844,"z":24.80288314819336},"rotation":{"x":0.40716323256492617,"y":-0.09562602639198303,"z":0.042913734912872317,"w":0.9073377847671509},"size":25.396915435791017,"orthographic":false}