{"cameraMode":{"drawMode":0,"name":"Shaded","section":"Shading Mode"},"sceneLighting":true,"audioPlay":false,"sceneViewState":{"m_AlwaysRefresh":false,"showFog":true,"showSkybox":true,"showFlares":true,"showImageEffects":true,"showParticleSystems":true,"showVisualEffectGraphs":true,"m_FxEnabled":true},"in2DMode":false,"pivot":{"x":23.918704986572267,"y":-3.6378393173217775,"z":-5.274053573608398},"rotation":{"x":-0.17076385021209718,"y":-0.7433097958564758,"z":0.20717163383960725,"w":-0.6127274036407471},"size":12.985298156738282,"orthographic":false}