{"cameraMode":{"drawMode":0,"name":"Shaded","section":"Shading Mode"},"sceneLighting":true,"audioPlay":false,"sceneViewState":{"m_AlwaysRefresh":false,"showFog":true,"showSkybox":true,"showFlares":true,"showImageEffects":true,"showParticleSystems":true,"showVisualEffectGraphs":true,"m_FxEnabled":true},"in2DMode":false,"pivot":{"x":9.244662284851075,"y":10.39678955078125,"z":-0.5981736183166504},"rotation":{"x":0.3227267861366272,"y":0.01892215944826603,"z":-0.0064448220655322079,"w":0.946303129196167},"size":1.7660253047943116,"orthographic":false}