{"cameraMode":{"drawMode":0,"name":"Shaded","section":"Shading Mode"},"sceneLighting":true,"audioPlay":false,"sceneViewState":{"m_AlwaysRefresh":false,"showFog":true,"showSkybox":true,"showFlares":true,"showImageEffects":true,"showParticleSystems":true,"showVisualEffectGraphs":true,"m_FxEnabled":true},"in2DMode":false,"pivot":{"x":-0.31603574752807619,"y":-8.743392072574352e-7,"z":-0.006328142713755369},"rotation":{"x":0.345392107963562,"y":-0.0093936612829566,"z":0.0034588768612593414,"w":0.9384200572967529},"size":9.979750633239746,"orthographic":false}