{"cameraMode":{"drawMode":0,"name":"Shaded","section":"Shading Mode"},"sceneLighting":true,"audioPlay":false,"sceneViewState":{"m_AlwaysRefresh":false,"showFog":true,"showSkybox":true,"showFlares":true,"showImageEffects":true,"showParticleSystems":true,"showVisualEffectGraphs":true,"m_FxEnabled":true},"in2DMode":false,"pivot":{"x":8.103740692138672,"y":-13.842985153198243,"z":24.721837997436525},"rotation":{"x":0.3565618395805359,"y":-0.02168184518814087,"z":0.008234868757426739,"w":0.934032142162323},"size":22.104015350341798,"orthographic":false}