{"cameraMode":{"drawMode":0,"name":"Shaded","section":"Shading Mode"},"sceneLighting":true,"audioPlay":false,"sceneViewState":{"m_AlwaysRefresh":false,"showFog":true,"showSkybox":true,"showFlares":true,"showImageEffects":true,"showParticleSystems":true,"showVisualEffectGraphs":true,"m_FxEnabled":true},"in2DMode":false,"pivot":{"x":15.806851387023926,"y":-15.62197208404541,"z":24.536823272705079},"rotation":{"x":0.40804916620254519,"y":-0.10507673025131226,"z":0.047344181686639789,"w":0.9056726694107056},"size":23.256715774536134,"orthographic":false}