{"cameraMode":{"drawMode":0,"name":"Shaded","section":"Shading Mode"},"sceneLighting":true,"audioPlay":false,"sceneViewState":{"m_AlwaysRefresh":false,"showFog":true,"showSkybox":true,"showFlares":true,"showImageEffects":true,"showParticleSystems":true,"showVisualEffectGraphs":true,"m_FxEnabled":true},"in2DMode":false,"pivot":{"x":14.975860595703125,"y":5.554525375366211,"z":8.553505897521973},"rotation":{"x":0.18031543493270875,"y":-0.04552657529711723,"z":0.008348990231752396,"w":0.9825363755226135},"size":1.5339744091033936,"orthographic":false}