{"cameraMode":{"drawMode":0,"name":"Shaded","section":"Shading Mode"},"sceneLighting":true,"audioPlay":false,"sceneViewState":{"m_AlwaysRefresh":false,"showFog":true,"showSkybox":true,"showFlares":true,"showImageEffects":true,"showParticleSystems":true,"showVisualEffectGraphs":true,"m_FxEnabled":true},"in2DMode":false,"pivot":{"x":15.4629545211792,"y":-5.754753112792969,"z":13.283109664916993},"rotation":{"x":0.44476962089538576,"y":0.38051140308380129,"z":-0.21660734713077546,"w":0.7813320755958557},"size":10.388468742370606,"orthographic":false}