{"cameraMode":{"drawMode":0,"name":"Shaded","section":"Shading Mode"},"sceneLighting":true,"audioPlay":false,"sceneViewState":{"m_AlwaysRefresh":false,"showFog":true,"showSkybox":true,"showFlares":true,"showImageEffects":true,"showParticleSystems":true,"showVisualEffectGraphs":true,"m_FxEnabled":true},"in2DMode":false,"pivot":{"x":1.8399174213409424,"y":0.0000050902849579870239,"z":0.036842070519924167},"rotation":{"x":0.345392107963562,"y":-0.0093936612829566,"z":0.0034588768612593414,"w":0.9384200572967529},"size":9.550000190734864,"orthographic":false}