{"cameraMode":{"drawMode":0,"name":"Shaded","section":"Shading Mode"},"sceneLighting":true,"audioPlay":false,"sceneViewState":{"m_AlwaysRefresh":false,"showFog":true,"showSkybox":true,"showFlares":true,"showImageEffects":true,"showParticleSystems":true,"showVisualEffectGraphs":true,"m_FxEnabled":true},"in2DMode":false,"pivot":{"x":-10.220999717712403,"y":1.1200000047683716,"z":10.209002494812012},"rotation":{"x":0.20017188787460328,"y":0.3793972432613373,"z":-0.08444292843341828,"w":0.8993698358535767},"size":2.366028070449829,"orthographic":false}