{"cameraMode":{"drawMode":0,"name":"Shaded","section":"Shading Mode"},"sceneLighting":true,"audioPlay":false,"sceneViewState":{"m_AlwaysRefresh":false,"showFog":true,"showSkybox":true,"showFlares":true,"showImageEffects":true,"showParticleSystems":true,"showVisualEffectGraphs":true,"m_FxEnabled":true},"in2DMode":false,"pivot":{"x":18.850433349609376,"y":-104.90658569335938,"z":289.1506652832031},"rotation":{"x":-0.18373611569404603,"y":-0.015630297362804414,"z":0.0029250190127640964,"w":-0.9828505516052246},"size":159.93768310546876,"orthographic":false}