{"cameraMode":{"drawMode":0,"name":"Shaded","section":"Shading Mode"},"sceneLighting":true,"audioPlay":false,"sceneViewState":{"m_AlwaysRefresh":false,"showFog":true,"showSkybox":true,"showFlares":true,"showImageEffects":true,"showParticleSystems":true,"showVisualEffectGraphs":true,"m_FxEnabled":true},"in2DMode":false,"pivot":{"x":9.438005447387696,"y":2.1673998832702638,"z":14.41213607788086},"rotation":{"x":-0.06172627583146095,"y":-0.9164962768554688,"z":0.15572918951511384,"w":-0.36329448223114016},"size":16.502321243286134,"orthographic":false}