{"cameraMode":{"drawMode":0,"name":"Shaded","section":"Shading Mode"},"sceneLighting":false,"audioPlay":false,"sceneViewState":{"m_AlwaysRefresh":false,"showFog":true,"showSkybox":false,"showFlares":true,"showImageEffects":true,"showParticleSystems":true,"showVisualEffectGraphs":true,"m_FxEnabled":true},"in2DMode":false,"pivot":{"x":0.6962423324584961,"y":-0.6000455021858215,"z":8.831174850463868},"rotation":{"x":0.0011820769868791104,"y":0.9986160397529602,"z":-0.045867275446653369,"w":0.025766167789697648},"size":4.425832748413086,"orthographic":false}