{"cameraMode":{"drawMode":0,"name":"Shaded","section":"Shading Mode"},"sceneLighting":false,"audioPlay":false,"sceneViewState":{"m_AlwaysRefresh":false,"showFog":true,"showSkybox":false,"showFlares":true,"showImageEffects":true,"showParticleSystems":true,"showVisualEffectGraphs":true,"m_FxEnabled":true},"in2DMode":false,"pivot":{"x":-0.2879524528980255,"y":-0.16148191690444947,"z":8.413832664489746},"rotation":{"x":-0.013149954378604889,"y":0.9767599105834961,"z":-0.20451416075229646,"w":-0.06279783695936203},"size":4.125832557678223,"orthographic":false}